{
	"house": {
		"pos": [8.4039, 0.0, 5.02542],
		"rot": [0.0, 35.0, 0.0]
	},
	"yucca2": {
		"pos": [5.09416, 0.0, 4.65723],
		"rot": [0.0, 35.0, 0.0]
	},
	"yucca1": {
		"pos": [4.7993, 0.0, 5.10785],
		"rot": [0.0, 35.0, 0.0]
	},
	"rock": {
		"pos": [7.28947, 0.0, 2.99798],
		"rot": [0.0, 155.0, 0.0]
	},
	"terrain": {
		"pos": [0.0133078, 0.0, 0.0],
		"rot": [0.0, 0.0, 0.0]
	},
	"car": {
		"pos": [0.0787473, 0.0, 3.44384],
		"rot": [1.00179e-005, -136.978, 0.0]
	},
	"left_headlight": {
		"color": [1.0, 1.0, 1.0, 1.0],
		"multiplier": 1.0,
		"pos": [1.16759, 0.659686, 5.39411],
		"dir": [0.666117, -0.216399, 0.713764],
		"distAttenMin": 7.0,
		"distAttenMax": 20.0,
		"angAttenMin": 40.0,
		"angAttenMax": 70.0
	},
	"right_headlight": {
		"color": [1.0, 1.0, 1.0, 1.0],
		"multiplier": 1.0,
		"pos": [1.95127, 0.659686, 4.66274],
		"dir": [0.666117, -0.216399, 0.713764],
		"distAttenMin": 7.0,
		"distAttenMax": 20.0,
		"angAttenMin": 40.0,
		"angAttenMax": 70.0
	},
	"lamp": {
		"pos": [8.64861, 0.0, -2.34448],
		"rot": [0.0, -145.0, 0.0]
	},
	"lamp_light": {
		"color": [1.0, 1.0, 1.0, 1.0],
		"multiplier": 0.6,
		"pos": [8.17016, 2.39277, -2.00919],
		"distAttenMin": 4.0,
		"distAttenMax": 8.0
	},
	"direct_light": {
		"color": [0.294118, 0.47451, 0.627451, 1.0],
		"multiplier": 0.6,
		"pos": [1.74205, 18.3843, 1.7248],
		"dir": [-0.459893, -0.25916, 0.849314]
	},
	"plants1": {
		"pos": [-3.58592, 0.0, -13.4441],
		"rot": [0.0, -5.98622, 0.0]
	},
	"plants2": {
		"pos": [-2.14478, 0.0, -11.0817],
		"rot": [0.0, -95.2685, 0.0]
	},
	"plants3": {
		"pos": [-8.2177, 0.0, -7.68943],
		"rot": [0.0, -95.2685, 0.0]
	},
	"house2": {
		"pos": [-8.15376, 0.00768, -8.70124],
		"rot": [0.0, 175.0, 0.0]
	},
	"Sphere001": {
		"pos": [0.0, 0.0, 5.86392e-007],
		"rot": [0.0, 0.0, 0.0]
	},
	"ambient_light": {
		"color": [0.501961, 0.541176, 0.8, 1.0],
		"multiplier": 1.0
	}
}
